{
  "roc_auc": 0.9989621399457338,
  "pr_auc": 0.8557719669984922
}